pair_id,bucket,source_run,target_entity_uid,target_source,target_name,target_jurisdiction,ref_entity_uid,ref_source,ref_name,ref_jurisdiction,ref_lei,score,score_band,heuristic_class,label,rationale
P0001,v1_dropped,v1,icij:82003055,icij,Pacific Crossing Holdings Ltd.,bm,gleif:254900LNPK737X4Y3V26,gleif,Pacific Basin Shipping Limited,bm,254900LNPK737X4Y3V26,0.8852,borderline,low_overlap,no_match,Pacific Crossing Holdings (defunct trans-Pacific fiber JV) vs Pacific Basin Shipping (LSE/HK-listed dry bulk operator). Distinct businesses.
P0002,v1_dropped,v1,icij:82017781,icij,NEWPORT ENERGY (CI) LIMITED,ky,gleif:213800RAMNTF1HTCRA26,gleif,NEWPORT WAVES CDO,ky,213800RAMNTF1HTCRA26,0.8965,borderline,low_overlap,no_match,Newport Energy (Caribbean utility) vs Newport Waves CDO (2004-vintage CDO vehicle). Distinct entities.
P0003,v1_dropped,v1,icij:55063556,icij,EVOLUTION DMC LIMITED,mt,gleif:984500659554702E3K29,gleif,EVOLUTION TRAVEL LTD.,mt,984500659554702E3K29,0.9112,borderline,low_overlap,no_match,Evolution DMC Limited (destination management) vs Evolution Travel Ltd. Distinct legal entities even if both travel-sector.
P0004,v1_dropped,v1,icij:154836,icij,"OASIS INTERNATIONAL INVESTMENT ENTERPRISE CO., LIMITED",vg,gleif:2138009Q48TRZ4Z3W877,gleif,OASIS INTERNATIONAL INVESTMENTS LIMITED,vg,2138009Q48TRZ4Z3W877,0.8503,borderline,low_overlap,unsure,Both 'OASIS INTERNATIONAL INVEST...' / BVI; could be same group with two registrations or distinct sub-entities. No public coverage.
P0005,v1_dropped,v1,icij:240500025,icij,ADDISON MANAGEMENT S.A,vg,gleif:254900RBV93V2K96LX60,gleif,Addison Estates Limited,vg,254900RBV93V2K96LX60,0.8979,borderline,low_overlap,no_match,"Addison Management vs Addison Estates — different second-token, different business descriptors."
P0006,v1_dropped,v1,icij:82010305,icij,The Frances Irene Ashworth Will Trust,im,gleif:213800IWZKHD75HLL207,gleif,THE FRANK SHARPLES WILL TRUST,im,213800IWZKHD75HLL207,0.9068,borderline,low_overlap,no_match,Will trusts of two different individuals (Frances Irene Ashworth vs Frank Sharples).
P0007,v1_dropped,v1,icij:55050861,icij,NORDIC-LINK SHIPPING LTD,mt,gleif:549300Z4D0JTD1UIWV54,gleif,NORDIC LIGHT LIMITED,mt,549300Z4D0JTD1UIWV54,0.9022,borderline,low_overlap,no_match,"Nordic-Link Shipping vs Nordic Light Limited — different second token, distinct entities."
P0008,v1_dropped,v1,icij:147576,icij,Splendid Oasis Holdings Ltd,vg,gleif:254900T7ODYLJCZSK595,gleif,Splendid Heights International Ltd,vg,254900T7ODYLJCZSK595,0.8714,borderline,low_overlap,no_match,Splendid Oasis Holdings vs Splendid Heights International — different entities sharing only 'Splendid'.
P0009,v1_dropped,v1,icij:85034320,icij,STICHTING SAVE OUR IGUANAS,aw,gleif:25490093JYWXGZ4OMA28,gleif,Stichting Algemeen Pensioenfonds Aruba,aw,25490093JYWXGZ4OMA28,0.898,borderline,low_overlap,no_match,STICHTING SAVE OUR IGUANAS (an Aruban environmental foundation) vs STICHTING PENSIOENFONDS META BEDRIJVEN ARUBA (a pension fund). Distinct.
P0010,v1_dropped,v1,icij:55028763,icij,EUROPEAN PILOT ACADEMY LIMITED,mt,gleif:213800LGSJEEAJUP3P73,gleif,EUROPEAN LOTTO AND BETTING LIMITED,mt,213800LGSJEEAJUP3P73,0.9036,borderline,low_overlap,no_match,European Pilot Academy vs European Lotto and Betting — distinct industries.
P0011,v1_dropped,v1,icij:123434,icij,FORTUNE STAR LIMITED,vg,gleif:213800VUDFJRJMFL4O36,gleif,FORTUNE MARSHALL LIMITED,vg,213800VUDFJRJMFL4O36,0.8544,borderline,low_overlap,no_match,Fortune Star vs Fortune Marshall — different second-token.
P0012,v1_dropped,v1,icij:82022326,icij,Capital Advisory Services One,ky,gleif:5493008H0HWH6ZCPBU65,gleif,CAPITAL DI LIMITED,ky,5493008H0HWH6ZCPBU65,0.9039,borderline,low_overlap,no_match,Capital Advisory Services One vs Capital Di Limited — different entities.
P0013,v1_dropped,v1,icij:55034085,icij,UNIVERSAL TRANSFER LIMITED,mt,gleif:529900PPGS8HZ3YBB918,gleif,UNIVERSAL DISTRIBUTION WORLDWIDE LIMITED,mt,529900PPGS8HZ3YBB918,0.8829,borderline,low_overlap,no_match,Universal Transfer vs Universal Distribution Worldwide — different entities.
P0014,v1_dropped,v1,icij:159108,icij,GLOBAL STEP INTERNATIONAL CORP.,vg,gleif:549300AI6JPTHF7VG037,gleif,Global Solid International Inc.,vg,549300AI6JPTHF7VG037,0.8824,borderline,low_overlap,no_match,Global Step International vs Global Solid International — different entities.
P0015,v1_dropped,v1,icij:55032032,icij,FORWARD FREIGHT LOGISTICS LTD,mt,gleif:5493006OG9HXOKFEHP22,gleif,FORWARD MEDIA LIMITED,mt,5493006OG9HXOKFEHP22,0.8782,borderline,low_overlap,no_match,Forward Freight Logistics vs Forward Media Limited — different industries.
P0016,v1_dropped,v1,icij:10103239,icij,PAMELA INVESTMENTS HOLDINGS LIMITED,vg,gleif:213800MU4BG9EXAHMN40,gleif,PAMELA INVESTMENTS HOLDINGS LIMITED,vg,213800MU4BG9EXAHMN40,0.8581,borderline,identical,match,Identical name + same BVI jurisdiction; score depressed by diverging address rows across two leak captures of one company.
P0017,v1_dropped,v1,icij:85044588,icij,STICHTING CENTRO DEPORTIVO TANKI LENDER,aw,gleif:549300596F7XQ3WYTM58,gleif,STICHTING PENSIOENFONDS META BEDRIJVEN ARUBA,aw,549300596F7XQ3WYTM58,0.8878,borderline,low_overlap,no_match,STICHTING CENTRO DEPORTIVO TANKI LENDER vs STICHTING PENSIOENFONDS META BEDRIJVEN ARUBA — distinct stichting types (sports vs pension).
P0018,v1_dropped,v1,icij:82012823,icij,EASTERN SKY INVESTMENTS 6A LIMITED,ky,gleif:254900TOS5OUJ4GRIZ77,gleif,Eastern Elm Company,ky,254900TOS5OUJ4GRIZ77,0.8964,borderline,low_overlap,no_match,Eastern Sky Investments 6A vs Eastern Elm Company — distinct.
P0019,v1_dropped,v1,icij:55031145,icij,SERENDIPITY SHIPPING LIMITED,mt,gleif:549300MDMHIXYU25FT67,gleif,SERENDIPITY MARITIME LIMITED,mt,549300MDMHIXYU25FT67,0.912,borderline,low_overlap,no_match,Serendipity Shipping vs Serendipity Maritime — distinct legal entities even if both maritime.
P0020,v1_dropped,v1,icij:85025057,icij,"STICHTING PRO TEATRO ARUBA ""PROTEA""",aw,gleif:549300596F7XQ3WYTM58,gleif,STICHTING PENSIOENFONDS META BEDRIJVEN ARUBA,aw,549300596F7XQ3WYTM58,0.875,borderline,low_overlap,no_match,STICHTING PRO TEATRO ARUBA vs STICHTING PENSIOENFONDS — distinct stichtings (theatre vs pension).
P0021,v1_dropped,v1,icij:82016564,icij,Sequoia Systematic Fund Limited,ky,gleif:5493001I09N2WJGL3U35,gleif,"SEQUOIA CAPITAL GLOBAL GROWTH FUND II, L.P.",ky,5493001I09N2WJGL3U35,0.8765,borderline,low_overlap,no_match,"Sequoia Systematic Fund vs Sequoia Capital Global Growth Fund II — distinct fund vehicles, different fund families."
P0022,v1_dropped,v1,icij:240500497,icij,GALILEO PROPERTY LTD,vg,gleif:549300B340CIL1QVCS11,gleif,Galileo Space Limited,vg,549300B340CIL1QVCS11,0.9112,borderline,low_overlap,no_match,Galileo Property vs Galileo Space — distinct industries.
P0023,v1_dropped,v1,icij:55014658,icij,GENERAL ELECTRICAL AND MECHANICAL COMPANY LIMITED,mt,gleif:98450092A44896BBNF80,gleif,General Cleaners Co. Ltd.,mt,98450092A44896BBNF80,0.8856,borderline,low_overlap,no_match,General Electrical and Mechanical vs General Cleaners — distinct industries.
P0024,v1_dropped,v1,icij:82002983,icij,Union Express Investment Ltd.,vg,gleif:98450059E9E03D94AD16,gleif,UNION EXPRESS TECHNOLOGY LIMITED,vg,98450059E9E03D94AD16,0.9058,borderline,low_overlap,no_match,Union Express Investment vs Union Express Technology — distinct entities.
P0025,v1_dropped,v1,icij:55010602,icij,FINANCIAL INVESTMENT TRUST CO. LTD.,mt,gleif:529900D6ZWXCZE3PHL75,gleif,FINANCIAL PLANNING SERVICES LIMITED,mt,529900D6ZWXCZE3PHL75,0.899,borderline,low_overlap,no_match,Financial Investment Trust vs Financial Planning Services — distinct entities.
P0026,v1_dropped,v1,icij:137271,icij,GOLDEN CONCORD ENERGY INVESTMENT HOLDINGS LIMITED,vg,gleif:549300U5KP4J6BIC8F36,gleif,Golden Cone Inc.,vg,549300U5KP4J6BIC8F36,0.8927,borderline,low_overlap,no_match,Golden Concord Energy Investment Holdings vs Golden Cone Inc. — distinct entities.
P0027,v1_dropped,v1,icij:162342,icij,GLOBAL STRATEGIC CAPITAL PTE. LTD.,sg,gleif:254900VZECGZ4QWYA070,gleif,GLOBAL STRATEGIC FUND,sg,254900VZECGZ4QWYA070,0.9144,borderline,low_overlap,unsure,"GLOBAL STRATEGIC CAPITAL PTE / GLOBAL STRATEGIC FUND, both Singapore. Plausibly manager+fund pair; need registry confirmation."
P0028,v1_dropped,v1,icij:134510,icij,Strategic Link Services Limited,vg,gleif:254900COQ3GKKR7CW137,gleif,Strategic Alliana Group Ltd,vg,254900COQ3GKKR7CW137,0.8652,borderline,low_overlap,no_match,Strategic Link Services vs Strategic Alliana Group — distinct.
P0029,v1_dropped,v1,icij:240024582,icij,SEASHELLS CAPITAL INC.,vg,gleif:213800HNUBOHZTFLCK98,gleif,SEASHELL GROUP LIMITED,vg,213800HNUBOHZTFLCK98,0.8977,borderline,low_overlap,no_match,Seashells Capital vs Seashell Group — distinct entities.
P0030,v1_dropped,v1,icij:82020365,icij,Intrepid Africa (BVI) Ltd.,vg,gleif:2549008P2F8XS1BY7719,gleif,Intrepid International Limited,vg,2549008P2F8XS1BY7719,0.8871,borderline,low_overlap,unsure,"Intrepid Africa (BVI) / Intrepid International, both BVI. 'Africa' subsidiary of 'International' is plausible."
P0031,v1_dropped,v1,icij:128578,icij,CRYSTAL ASSET GROUP LIMITED,vg,gleif:5299007QCFSIWKSCC350,gleif,Crystal Group Ltd,vg,5299007QCFSIWKSCC350,0.8506,borderline,low_overlap,unsure,"CRYSTAL ASSET GROUP / Crystal Group, both BVI. Possibly parent/subsidiary of same Crystal corporate group."
P0032,v1_dropped,v1,icij:240021484,icij,TARGET GROUP LIMITED,vg,gleif:2549008FYLVJBPXC7Y34,gleif,Target Global Advisors Ltd,vg,2549008FYLVJBPXC7Y34,0.8767,borderline,low_overlap,no_match,Target Group vs Target Global Advisors — distinct.
P0033,v1_dropped,v1,icij:55083743,icij,INTERNATIONAL LINK COMPANY LIMITED,mt,gleif:213800KWYEJH2ZFPS313,gleif,INTERNATIONAL BOND FUND,mt,213800KWYEJH2ZFPS313,0.9148,borderline,low_overlap,no_match,International Link Company vs International Bond Fund — distinct industries.
P0034,v1_dropped,v1,icij:82002852,icij,East Africa Investment Managers Limited,bm,gleif:21380074WWT339ZDEB13,gleif,EAST AFRICAN HOLDINGS LIMITED,bm,21380074WWT339ZDEB13,0.8799,borderline,low_overlap,unsure,"East Africa Investment Managers / EAST AFRICAN HOLDINGS, both Bermuda. Possibly related East Africa-focused vehicles."
P0035,v1_dropped,v1,icij:55080035,icij,SCHEMBRI BARBROS LIMITED,mt,gleif:529900M0ANOJBTOOOL09,gleif,SCHEMBRI FINANCE p.l.c,mt,529900M0ANOJBTOOOL09,0.89,borderline,low_overlap,unsure,"SCHEMBRI BARBROS / SCHEMBRI FINANCE p.l.c., both Malta. Schembri is a common Maltese family/business name; possibly related family business."
P0036,v1_dropped,v1,icij:55086510,icij,Bonello and Ciantar,mt,gleif:98450076ZACBU9EDD641,gleif,BONELLO SERVICE STATION LIMITED,mt,98450076ZACBU9EDD641,0.8888,borderline,low_overlap,no_match,Bonello and Ciantar (accountancy) vs Bonello Service Station — distinct businesses.
P0037,v1_dropped,v1,icij:240028234,icij,Harvard Group Ltd,vg,gleif:213800NVKZCTYH222K66,gleif,HARVARD INTERNATIONAL FINANCE LIMITED,vg,213800NVKZCTYH222K66,0.8701,borderline,low_overlap,no_match,Harvard Group vs Harvard International Finance — distinct entities.
P0038,v1_dropped,v1,icij:55025963,icij,JUPITER MARITIME LIMITED,mt,gleif:213800NVR3ZFDTMYVG04,gleif,JUPITER CAPITAL FUND,mt,213800NVR3ZFDTMYVG04,0.8882,borderline,low_overlap,no_match,Jupiter Maritime vs Jupiter Capital Fund — distinct industries.
P0039,v1_dropped,v1,icij:85034621,icij,STICHTING AMICUS BEHEER,aw,gleif:549300596F7XQ3WYTM58,gleif,STICHTING PENSIOENFONDS META BEDRIJVEN ARUBA,aw,549300596F7XQ3WYTM58,0.8789,borderline,low_overlap,no_match,STICHTING AMICUS BEHEER vs STICHTING PENSIOENFONDS — distinct stichtings.
P0040,v1_dropped,v1,icij:240241980,icij,China Pro Asset Management Ltd,vg,gleif:549300PVFR3404OS6P84,gleif,China Privilege International Limited,vg,549300PVFR3404OS6P84,0.8713,borderline,low_overlap,no_match,China Pro Asset Management vs China Privilege International — distinct entities.
P0041,v1_dropped,v1,icij:10056757,icij,EAGLE SECURITIES LIMITED,vg,gleif:2138005KPO1L2Q4PSC97,gleif,EAGLE SECURITIES LIMITED,vg,2138005KPO1L2Q4PSC97,0.8861,borderline,identical,match,Identical name 'EAGLE SECURITIES LIMITED' + same BVI jurisdiction; address-only divergence.
P0042,v1_dropped,v1,icij:55007542,icij,GENERAL MAINTENANCE LIMITED,mt,gleif:98450098VE1CBBEAF982,gleif,GENERAL PLASTICS LIMITED,mt,98450098VE1CBBEAF982,0.8971,borderline,low_overlap,no_match,General Maintenance vs General Plastics — distinct industries.
P0043,v1_dropped,v1,icij:55015980,icij,VALLETTA LIGHT CLOTHING COMPANY LIMITED,mt,gleif:984500679F3BEARE5E34,gleif,Valletta Credit Finance Corporation Ltd.,mt,984500679F3BEARE5E34,0.88,borderline,low_overlap,no_match,Valletta Light Clothing vs Valletta Credit Finance — distinct industries.
P0044,v1_dropped,v1,icij:55017506,icij,CLASSICO MOBILE LIMITED,mt,gleif:529900MWWRQV4877L352,gleif,CLASSICO INVESTMENTS LIMITED,mt,529900MWWRQV4877L352,0.8998,borderline,low_overlap,no_match,Classico Mobile vs Classico Investments — distinct entities.
P0045,v1_dropped,v1,icij:240247626,icij,VinaCapital Group Ltd,vg,gleif:2138008JBBC2DGJ7T233,gleif,VINACAPITAL INVESTMENT MANAGEMENT LTD,vg,2138008JBBC2DGJ7T233,0.8766,borderline,low_overlap,unsure,"VinaCapital Group / VINACAPITAL INVESTMENT MANAGEMENT, both BVI. Both real VinaCapital-branded entities — likely sister entities of one Vietnam-focused investment group."
P0046,v1_dropped,v1,icij:82036740,icij,Renaissance Russia Distressed Assets Limited,bm,gleif:V7TL7UQFHNWUEMDZ3X02,gleif,RENAISSANCE REINSURANCE LTD.,bm,V7TL7UQFHNWUEMDZ3X02,0.901,borderline,low_overlap,no_match,Renaissance Russia Distressed Assets vs Renaissance Reinsurance — distinct (Renaissance Capital vs RenRe).
P0047,v1_dropped,v1,icij:82026556,icij,Atlantic Concord Limited,bm,gleif:213800JTCA2YCV1UMA39,gleif,ATLANTIC SERVICES LIMITED,bm,213800JTCA2YCV1UMA39,0.8891,borderline,low_overlap,no_match,Atlantic Concord vs Atlantic Services — distinct.
P0048,v1_dropped,v1,icij:55069765,icij,ST JULIAN'S HEIGHTS LIMITED,mt,gleif:984500G7B6JF1EFAC453,gleif,ST. JULIAN'S MARITIME FINANCE LIMITED,mt,984500G7B6JF1EFAC453,0.8912,borderline,low_overlap,no_match,St Julian's Heights vs St Julian's Maritime Finance — distinct (Maltese locality + different industries).
P0049,v1_dropped,v1,icij:164149,icij,Gold Medallion Investments Corporation,vg,gleif:529900TP2PE0L93KX851,gleif,Gold Medallion Investments Corporation,vg,529900TP2PE0L93KX851,0.871,borderline,identical,match,Identical name 'Gold Medallion Investments Corporation' + same BVI jurisdiction; address-only divergence.
P0050,v1_dropped,v1,icij:134526,icij,International Oil Group Inc.,vg,gleif:529900VDIE8PLLKLLU06,gleif,INTERNATIONAL ALLIANCE GROUP LIMITED,vg,529900VDIE8PLLKLLU06,0.8553,borderline,low_overlap,no_match,International Oil Group vs International Alliance Group — distinct.
P0051,v1_dropped,v1,icij:156294,icij,CHAMPION EAGLE CORP.,vg,gleif:2138003NKF8UQDU5KF58,gleif,CHAMPION MERRY LIMITED,vg,2138003NKF8UQDU5KF58,0.8732,borderline,low_overlap,no_match,Champion Eagle vs Champion Merry — distinct.
P0052,v1_dropped,v1,icij:55011060,icij,LIFETIME LIMITED,mt,gleif:391200OX1W4RLSRJ4R87,gleif,LIFETIME OCCUPATIONAL PENSION SCHEME,mt,391200OX1W4RLSRJ4R87,0.8859,borderline,low_overlap,no_match,Lifetime Limited vs Lifetime Occupational Pension Scheme — distinct (corporate vs pension scheme).
P0053,v1_dropped,v1,icij:143706,icij,GLOBAL PRIZE LIMITED,vg,gleif:254900I1Q90OER2J2866,gleif,Global Profit Assets Limited,vg,254900I1Q90OER2J2866,0.8593,borderline,low_overlap,no_match,Global Prize vs Global Profit Assets — distinct.
P0054,v1_dropped,v1,icij:55069873,icij,INDEPENDENT MOBILE PRODUCTIONS LTD,mt,gleif:894500RMYURVAT8T5862,gleif,INDEPENDENT HOLDING COMPANY LIMITED,mt,894500RMYURVAT8T5862,0.9004,borderline,low_overlap,no_match,Independent Mobile Productions vs Independent Holding Company — distinct industries.
P0055,v1_dropped,v1,icij:55067526,icij,INTERNATIONAL FASHION COMPANY LIMITED,mt,gleif:529900LVB0R279MUX376,gleif,INTERNATIONAL HOTEL INVESTMENTS P.L.C.,mt,529900LVB0R279MUX376,0.9087,borderline,low_overlap,no_match,International Fashion Company vs International Hotel Investments PLC — distinct industries.
P0056,v1_dropped,v1,icij:55017429,icij,BONELLO VRTS LTD,mt,gleif:98450076ZACBU9EDD641,gleif,BONELLO SERVICE STATION LIMITED,mt,98450076ZACBU9EDD641,0.9176,borderline,low_overlap,unsure,"BONELLO VRTS / BONELLO SERVICE STATION, both Malta. Possibly related Bonello-family entities."
P0057,v1_dropped,v1,icij:240243172,icij,"GENESIS INTERNATIONAL CONSULTANCY CO., LTD.",vg,gleif:98450092E9A6993CFE47,gleif,GENESIS RESEARCH FINANCIAL INC.,vg,98450092E9A6993CFE47,0.8871,borderline,low_overlap,no_match,Genesis International Consultancy vs Genesis Research Financial — distinct.
P0058,v1_dropped,v1,icij:55021980,icij,VALLETTA CONSULTING SERVICES LIMITED,mt,gleif:213800HL4BQBPLNL6Y98,gleif,VALLETTA BUNKERS LIMITED,mt,213800HL4BQBPLNL6Y98,0.8874,borderline,low_overlap,no_match,Valletta Consulting Services vs Valletta Bunkers (marine fuel) — distinct industries.
P0059,v1_dropped,v1,icij:240027063,icij,MAJOR INTERNATIONAL LTD.,vg,gleif:213800P76ANO1GKQHV24,gleif,MAJOR INVESTMENT HOLDINGS LIMITED,vg,213800P76ANO1GKQHV24,0.8965,borderline,low_overlap,no_match,Major International vs Major Investment Holdings — distinct.
P0060,v1_dropped,v1,icij:133456,icij,AMAZING VENTURE LIMITED,vg,gleif:254900E4O7Q4Z9P1FA22,gleif,Amazing Opportunity Ltd,vg,254900E4O7Q4Z9P1FA22,0.877,borderline,low_overlap,no_match,Amazing Venture vs Amazing Opportunity — distinct.
P0061,v1_dropped,v1,icij:55030590,icij,Brothers Twelve Shipping Co. Ltd.,mt,gleif:213800K4Z7M3MKLM2W30,gleif,BROTHERS HOLDING LIMITED,mt,213800K4Z7M3MKLM2W30,0.9006,borderline,low_overlap,no_match,Brothers Twelve Shipping vs Brothers Holding — distinct.
P0062,v1_dropped,v1,icij:85034617,icij,STICHTING JET,aw,gleif:549300596F7XQ3WYTM58,gleif,STICHTING PENSIOENFONDS META BEDRIJVEN ARUBA,aw,549300596F7XQ3WYTM58,0.8821,borderline,low_overlap,no_match,STICHTING JET vs STICHTING PENSIOENFONDS — distinct stichtings.
P0063,v1_dropped,v1,icij:55083851,icij,MERIDIAN MARITIME LTD.,mt,gleif:213800A9NR34MDP9K121,gleif,MERIDIAN GLOBAL OPPORTUNITIES FUND,mt,213800A9NR34MDP9K121,0.891,borderline,low_overlap,no_match,Meridian Maritime vs Meridian Global Opportunities Fund — distinct industries.
P0064,v1_dropped,v1,icij:82014286,icij,AFRICAN IRON ORE INVESTMENTS LIMITED,mu,gleif:213800IIL7ZKE3LCSD09,gleif,AFRICAN LION 3 LIMITED,mu,213800IIL7ZKE3LCSD09,0.8952,borderline,low_overlap,no_match,African Iron Ore Investments vs African Lion 3 — distinct mining vehicles.
P0065,v1_dropped,v1,icij:55047927,icij,BLUE SEA LEASING LIMITED,mt,gleif:485100P9V341SE60IM24,gleif,Blue Seas Yacht Limited,mt,485100P9V341SE60IM24,0.9017,borderline,low_overlap,no_match,Blue Sea Leasing vs Blue Seas Yacht — distinct.
P0066,v1_dropped,v1,icij:140164,icij,SMART ADVISORS INVESTMENT LIMITED,vg,gleif:254900QWBYNBDD5A0941,gleif,Smart Advisors Investment Limited,vg,254900QWBYNBDD5A0941,0.8843,borderline,identical,match,Identical name 'SMART ADVISORS INVESTMENT LIMITED' + same BVI jurisdiction (case differs only); address-only divergence.
P0067,v1_dropped,v1,icij:55002498,icij,GLOBAL MARKETING LTD,mt,gleif:213800NY7WCXYUNRPP24,gleif,GLOBAL MULTI-ASSET SUB-FUND,mt,213800NY7WCXYUNRPP24,0.8739,borderline,low_overlap,no_match,Global Marketing vs Global Multi-Asset Sub-Fund — distinct (corporate vs investment fund).
P0068,v1_dropped,v1,icij:240031106,icij,BELLSHILL INVESTMENTS LIMITED,vg,gleif:894500CVX93YDNP6Z266,gleif,Bellshill Holdings Limited,vg,894500CVX93YDNP6Z266,0.9034,borderline,low_overlap,unsure,"BELLSHILL INVESTMENTS / Bellshill Holdings, both BVI. Possibly related Bellshill-themed entities."
P0069,v1_dropped,v1,icij:55064576,icij,STAFFCO MALTA HOLDING LIMITED,mt,gleif:549300YUV4C0Z2W3QE07,gleif,STAFFCO MALTA TREASURY LIMITED,mt,549300YUV4C0Z2W3QE07,0.8978,borderline,low_overlap,unsure,"STAFFCO MALTA HOLDING / STAFFCO MALTA TREASURY, both Malta. Naming pattern strongly suggests sister entities in one StaffCo Malta corporate group."
P0070,v1_dropped,v1,icij:82008752,icij,Seminole Enterprise Inc,vg,gleif:549300A8E93YZKH6YG56,gleif,"Seminole Dedicated Investor Fund Offshore, Ltd.",vg,549300A8E93YZKH6YG56,0.8815,borderline,low_overlap,no_match,Seminole Enterprise vs Seminole Dedicated Investor Fund — distinct.
P0071,v1_dropped,v1,icij:10115500,icij,FADUL INVESTMENTS LIMITED,vg,gleif:529900U6NBSHGFJXDD12,gleif,FADUL INVESTMENTS LIMITED,vg,529900U6NBSHGFJXDD12,0.85,borderline,identical,match,Identical name 'FADUL INVESTMENTS LIMITED' + same BVI jurisdiction; address-only divergence.
P0072,v1_dropped,v1,icij:82001614,icij,International Isotopes Consulting Ltd.,bm,gleif:549300ITQU00TJQAO435,gleif,INTERNATIONAL SEAWAYS OPERATING CORPORATION LTD.,bm,549300ITQU00TJQAO435,0.9081,borderline,low_overlap,no_match,International Isotopes Consulting vs International Seaways Operating Corp — distinct industries.
P0073,v1_dropped,v1,icij:55009126,icij,BUILDING INTERNAL RESTRUCTURING LTD,mt,gleif:213800FPSO3IC68YB568,gleif,BUILDING BLOCK INSURANCE PCC LIMITED,mt,213800FPSO3IC68YB568,0.8694,borderline,low_overlap,no_match,Building Internal Restructuring vs Building Block Insurance PCC — distinct.
P0074,v1_dropped,v1,icij:240245042,icij,NOBLESSE UNIVERSAL LIMITED,vg,gleif:254900MKRJ21HKYQSS30,gleif,Noblesse Real Estate Corp.,vg,254900MKRJ21HKYQSS30,0.9025,borderline,low_overlap,unsure,"NOBLESSE UNIVERSAL / Noblesse Real Estate, both BVI. Possibly related Noblesse-themed entities."
P0075,v1_dropped,v1,icij:82013381,icij,Transatlantic Management Company Ltd.,bm,gleif:549300B2UM2VRI5TUL37,gleif,TransAtlantic Petroleum Ltd.,bm,549300B2UM2VRI5TUL37,0.9112,borderline,low_overlap,no_match,Transatlantic Management vs TransAtlantic Petroleum (a real listed E&P company) — distinct.
P0076,v1_dropped,v1,icij:165341,icij,Pacific Chimes International Ltd,vg,gleif:254900VC63CIS3YU3G24,gleif,Pacific Winners Services Limited,vg,254900VC63CIS3YU3G24,0.8588,borderline,low_overlap,no_match,Pacific Chimes vs Pacific Winners — distinct.
P0077,v1_dropped,v1,icij:55059345,icij,FINANCIAL JUNCTION LIMITED,mt,gleif:529900D6ZWXCZE3PHL75,gleif,FINANCIAL PLANNING SERVICES LIMITED,mt,529900D6ZWXCZE3PHL75,0.8863,borderline,low_overlap,no_match,Financial Junction vs Financial Planning Services — distinct.
P0078,v1_dropped,v1,icij:55068037,icij,FRANCISCUS LIMITED,mt,gleif:549300X2V1HQZI4X6245,gleif,Franciscan Province of St Paul,mt,549300X2V1HQZI4X6245,0.8827,borderline,low_overlap,no_match,Franciscus Limited (corporate) vs Franciscan Province of St Paul (religious order) — distinct.
P0079,v1_dropped,v1,icij:82000120,icij,Bermuda Capital Company Limited,bm,gleif:76PVF9076ZYXEJELH173,gleif,BERMUDA LIFE INSURANCE COMPANY LIMITED,bm,76PVF9076ZYXEJELH173,0.91,borderline,low_overlap,no_match,Bermuda Capital Company vs Bermuda Life Insurance — distinct industries.
P0080,v1_dropped,v1,icij:82022981,icij,Artemis UK Properties Holdco Limited,je,gleif:213800I11PIY2LWH6A74,gleif,ARTEMIS INVESTMENT HOLDINGS LTD,je,213800I11PIY2LWH6A74,0.8743,borderline,low_overlap,unsure,"Artemis UK Properties Holdco / ARTEMIS INVESTMENT HOLDINGS, both Jersey. Artemis Investment Management is a known UK fund manager; possibly related vehicle."
P0081,v1_dropped,v1,icij:55070643,icij,BELGRAVE HOLDINGS LTD.,mt,gleif:254900ERDD1BTJD6PK10,gleif,Belgrave Investments Limited,mt,254900ERDD1BTJD6PK10,0.8982,borderline,low_overlap,unsure,"BELGRAVE HOLDINGS / Belgrave Investments, both Malta. Naming overlap strong but distinct legal-form suffixes."
P0082,v1_dropped,v1,icij:55027535,icij,VALLETTA FREIGHT SERVICES LTD,mt,gleif:529900IQNOJ92FI7YA72,gleif,Valletta Benefit Trust,mt,529900IQNOJ92FI7YA72,0.8962,borderline,low_overlap,no_match,Valletta Freight Services vs Valletta Benefit Trust — distinct industries.
P0083,v1_dropped,v1,icij:82110702,icij,Partners Segregated Portfolio,ky,gleif:254900UUL3T7YQ0AGN29,gleif,Partners Global Opportunities Fund Ltd.,ky,254900UUL3T7YQ0AGN29,0.8949,borderline,low_overlap,no_match,Partners Segregated Portfolio vs Partners Global Opportunities Fund — different sub-funds even if same fund family.
P0084,v1_dropped,v1,icij:55077905,icij,HORIZON GROUP LIMITED,mt,gleif:213800K1OLINNX5G9R07,gleif,Horizon Plus Fund,mt,213800K1OLINNX5G9R07,0.8911,borderline,low_overlap,no_match,Horizon Group vs Horizon Plus Fund — distinct industries.
P0085,v1_dropped,v1,icij:240030591,icij,MONTANA GLOBAL CORP.,vg,gleif:5493000LQVD8Q4ZYGA68,gleif,Montana Advisors Ltd.,vg,5493000LQVD8Q4ZYGA68,0.8884,borderline,low_overlap,no_match,Montana Global Corp vs Montana Advisors — distinct.
P0086,v1_dropped,v1,icij:55080205,icij,CENTRAL HOLDINGS LIMITED,mt,gleif:5299001O9T1RGE2TXD72,gleif,Central Flats Trust,mt,5299001O9T1RGE2TXD72,0.9112,borderline,low_overlap,no_match,Central Holdings vs Central Flats Trust — distinct industries.
P0087,v1_dropped,v1,icij:55050952,icij,EDUCATIONAL SERVICES AND TESTING LIMITED,mt,gleif:213800FO8RIHEPHHT708,gleif,EDUCATION CAPITAL INVESTMENTS FUND,mt,213800FO8RIHEPHHT708,0.9086,borderline,low_overlap,no_match,Educational Services and Testing vs Education Capital Investments Fund — distinct industries.
P0088,v1_dropped,v1,icij:240024500,icij,ANDOVER FINANCE LIMITED,vg,gleif:254900ZPV6VZ6RS5VB18,gleif,Andover Ventures Ltd.,vg,254900ZPV6VZ6RS5VB18,0.8814,borderline,low_overlap,no_match,Andover Finance vs Andover Ventures — distinct.
P0089,v1_dropped,v1,icij:82013732,icij,"Bermuda National Trust Endowment Company, The",bm,gleif:2138006Z6YTK9T3IXI46,gleif,BERMUDA FIRST INVESTMENT COMPANY LIMITED,bm,2138006Z6YTK9T3IXI46,0.8864,borderline,low_overlap,no_match,Bermuda National Trust Endowment (heritage NGO) vs Bermuda First Investment — distinct industries.
P0090,v1_dropped,v1,icij:82013154,icij,Cayman Angel Investors Network,ky,gleif:5493003G83BHTX4NY178,gleif,Cayman Aggregator 2 LP,ky,5493003G83BHTX4NY178,0.886,borderline,low_overlap,no_match,Cayman Angel Investors Network vs Cayman Aggregator 2 LP — distinct vehicles.
P0091,v1_dropped,v1,icij:82010686,icij,The T T Grime Will Trust,im,gleif:213800UUCDXWAUULJM06,gleif,THE T T GRIME 1989 SETTLEMENT,im,213800UUCDXWAUULJM06,0.9048,borderline,low_overlap,no_match,"T T Grime Will Trust vs T T Grime 1989 Settlement — same individual T T Grime, but distinct legal vehicles (will trust vs settlement)."
P0092,v1_dropped,v1,icij:55046484,icij,General Promotions Ltd,mt,gleif:98450098VE1CBBEAF982,gleif,GENERAL PLASTICS LIMITED,mt,98450098VE1CBBEAF982,0.9022,borderline,low_overlap,no_match,General Promotions vs General Plastics — distinct industries.
P0093,v1_dropped,v1,icij:163478,icij,Silver Melody Capital Ltd,vg,gleif:213800GZS6TC8E6CLM39,gleif,SILVER MELODY CAPITAL LTD,vg,213800GZS6TC8E6CLM39,0.8995,borderline,identical,match,Identical name 'Silver Melody Capital Ltd' + same BVI jurisdiction (case differs only); address-only divergence.
P0094,v1_dropped,v1,icij:85038038,icij,KINGDOM ENTERTAINMENT,aw,gleif:5493006TZQOZDDHPAK31,gleif,Kingdom Generation Lithamal N.V.,aw,5493006TZQOZDDHPAK31,0.9057,borderline,low_overlap,no_match,Kingdom Entertainment vs Kingdom Generation Lithamal NV — distinct.
P0095,v1_dropped,v1,icij:55019499,icij,GLOBAL MARINE SHIPS LIMITED,mt,gleif:529900TT24GIQBRV8181,gleif,GLOBAL MEDIA DISTRIBUTION FUND SICAV P.L.C.,mt,529900TT24GIQBRV8181,0.8726,borderline,low_overlap,no_match,Global Marine Ships vs Global Media Distribution Fund SICAV — distinct industries (shipping vs media fund).
P0096,v1_dropped,v1,icij:82011061,icij,Oakwood Investments Ltd,ky,gleif:213800JVYWSRM569NY48,gleif,OAKWOOD HOLDINGS LTD.,ky,213800JVYWSRM569NY48,0.8924,borderline,low_overlap,no_match,Oakwood Investments vs Oakwood Holdings — distinct entities sharing only 'Oakwood'.
P0097,v1_dropped,v1,icij:240028171,icij,ACCURATE LIMITED,vg,gleif:549300BCNWDXZQRTWP37,gleif,ACCURATE MANAGEMENT LIMITED,vg,549300BCNWDXZQRTWP37,0.9151,borderline,low_overlap,no_match,Accurate Limited vs Accurate Management — distinct.
P0098,v1_dropped,v1,icij:82011106,icij,ORION CONSTRUCTION LTD.,ky,gleif:549300YSV9XL9PH52G89,gleif,ORION CO-VI LTD.,ky,549300YSV9XL9PH52G89,0.9,borderline,low_overlap,no_match,Orion Construction vs Orion Co-VI — distinct.
P0099,v1_dropped,v1,icij:82023766,icij,PERMANENT HOLDINGS (CAYMAN) LIMITED,ky,gleif:549300N78J8838UT8P02,gleif,"PERMANENCE CAYMAN PORTFOLIO, LTD.",ky,549300N78J8838UT8P02,0.8827,borderline,low_overlap,no_match,Permanent Holdings (Cayman) vs Permanence Cayman Portfolio — distinct vehicles.
P0100,v1_dropped,v1,icij:82024446,icij,Mermaid International Ventures,ky,gleif:2138004AOWDG9RBRKR24,gleif,MERMAID NORDIC CAYMAN MASTER FUND LTD.,ky,2138004AOWDG9RBRKR24,0.872,borderline,low_overlap,no_match,Mermaid International Ventures vs Mermaid Nordic Cayman Master Fund — distinct.
P0101,v2_marginal,v2,icij:82007108,icij,the Colchester Beta Two Fund Limited,bm,gleif:5493005NG1J6ZKP3UO20,gleif,The Colchester Beta Three Fund Limited,bm,5493005NG1J6ZKP3UO20,0.9241,borderline,jur_loose,,
P0102,v2_marginal,v2,opensanctions:NK-PnaeGM64BRJZrpggExaBbS,opensanctions,Service Immobiliere et Gestion SAS,fr,gleif:5493003KSUYWWEQY2S35,gleif,SERVICE IMMOBILIER ET GESTION SAS,fr,5493003KSUYWWEQY2S35,0.9241,borderline,low_overlap,,
P0103,v2_marginal,v2,icij:82016351,icij,Golden State Re Ltd.,bm,gleif:549300I5VJZTB67QJZ86,gleif,GOLDEN STATE RE II LTD.,bm,549300I5VJZTB67QJZ86,0.9333,borderline,jur_loose,,
P0104,v2_marginal,v2,icij:156177,icij,Team Force Renewable Energies Limited,vg,gleif:5493001POYXMZE26NF93,gleif,Team Force Renewable Energies Limited,vg,5493001POYXMZE26NF93,0.9545,high,identical,,
P0105,v2_marginal,v2,icij:82020277,icij,West CLO 2012-1 Ltd.,ky,gleif:2549008FQ6ZWGP8NJZ96,gleif,West CLO 2014-1 Ltd.,ky,2549008FQ6ZWGP8NJZ96,0.9511,high,low_overlap,,
P0106,v2_marginal,v2,icij:82023532,icij,Certares GBT Holdings Ltd.,ky,gleif:54930027SS9C86MB7N35,gleif,Certares Holdings LLC,ky,54930027SS9C86MB7N35,0.9228,borderline,low_overlap,,
P0107,v2_marginal,v2,icij:164625,icij,Aplus Assets Worldwide Ltd,vg,gleif:549300RZS40OZPZHM410,gleif,Aplus Assets Worldwide Ltd,vg,549300RZS40OZPZHM410,0.9227,borderline,identical,,
P0108,v2_marginal,v2,icij:55011531,icij,MALTA UNIVERSITY HOLDING COMPANY LIMITED,mt,gleif:485100GKG73K5OE3B136,gleif,Malta University Holding Co Ltd,mt,485100GKG73K5OE3B136,0.9379,borderline,low_overlap,,
P0109,v2_marginal,v2,icij:82010334,icij,The Hankey No 1 Settlement,im,gleif:213800MTEXD1EFO23B35,gleif,THE HANKEY NO1 SETTLEMENT,im,213800MTEXD1EFO23B35,0.9569,high,low_overlap,,
P0110,v2_marginal,v2,icij:82021641,icij,"Atlas Senior Loan Fund III, Ltd. Trust",ky,gleif:635400UCHZNUTGTBTH21,gleif,"ATLAS SENIOR LOAN FUND III, LTD.",ky,635400UCHZNUTGTBTH21,0.9476,borderline,jur_close,,
P0111,v2_marginal,v2,icij:82011553,icij,Loeb Offshore B Fund Ltd.,ky,gleif:549300Q2PZ7EGCJTB605,gleif,"Loeb Offshore Fund, Ltd.",ky,549300Q2PZ7EGCJTB605,0.9614,high,low_overlap,,
P0112,v2_marginal,v2,opensanctions:NK-dKVqnj8wNf9bpExsjy4rDN,opensanctions,Lokesh Machines Limited,in,gleif:335800AK2NCLCLDD9D55,gleif,LOKESH MACHINES LTD,in,335800AK2NCLCLDD9D55,0.9213,borderline,low_overlap,,
P0113,v2_marginal,v2,opensanctions:NK-fPkEAptD56hBCbCFk6giie,opensanctions,INDISOL MARKETING PRIVATE LIMITED,in,gleif:894500SXGNA65PYJQQ36,gleif,INDISOL MARKETING PRIVATE LIMITED,in,894500SXGNA65PYJQQ36,0.9626,high,identical,,
P0114,v2_marginal,v2,icij:145025,icij,SUPERSONIC VENTURES LIMITED,vg,gleif:254900MUIVNR8W1V7W09,gleif,SUPERSONIC VENTURES LIMITED,vg,254900MUIVNR8W1V7W09,0.9204,borderline,identical,,
P0115,v2_marginal,v2,icij:55010625,icij,ALF. MIZZI & SONS (HR) LTD.,mt,gleif:485100ILDV1VGPK0DF31,gleif,Alf. Mizzi & Sons Ltd,mt,485100ILDV1VGPK0DF31,0.929,borderline,low_overlap,,
P0116,v2_marginal,v2,opensanctions:NK-oKeoJPCEeSpC4jNGrKi4tA,opensanctions,PERSISTENT PETROCHEM PRIVATE LIMITED,in,gleif:9845003D4BF65E039M32,gleif,PERSISTENT PETROCHEM PRIVATE LIMITED,in,9845003D4BF65E039M32,0.9504,high,identical,,
P0117,v2_marginal,v2,icij:82024109,icij,THE IVM 041 PURPOSE TRUST,mu,gleif:213800P35FNCFZCKPC23,gleif,THE IVM 047 PURPOSE TRUST,mu,213800P35FNCFZCKPC23,0.9614,high,low_overlap,,
P0118,v2_marginal,v2,icij:82024092,icij,Shipstern Global Opportunities Fund Limited,ky,gleif:213800IGP7C56MYKTQ54,gleif,SHIPSTERN GLOBAL OPPORTUNITIES MASTER FUND LIMITED,ky,213800IGP7C56MYKTQ54,0.9333,borderline,jur_loose,,
P0119,v2_marginal,v2,icij:240245460,icij,PA Grand Opportunity VI Limited,vg,gleif:2549007CTK9BZG14LI66,gleif,PA Grand Opportunity Limited,vg,2549007CTK9BZG14LI66,0.9488,borderline,jur_loose,,
P0120,v2_marginal,v2,icij:82021359,icij,Brookside Mill CLO Ltd. Trust,ky,gleif:2549007HTAHTXHECZ431,gleif,Brookside Mill CLO Ltd.,ky,2549007HTAHTXHECZ431,0.9267,borderline,jur_loose,,
P0121,v2_marginal,v2,icij:160062,icij,IRON WILL INVESTMENT LTD,vg,gleif:549300A1X2HUF8UOVT43,gleif,Iron Will Investment Ltd,vg,549300A1X2HUF8UOVT43,0.9384,borderline,identical,,
P0122,v2_marginal,v2,icij:240550009,icij,FIRST CROCKFORD ADVISORS LTD.,vg,gleif:549300VEQHRMSU36EU71,gleif,First Crockford Advisers Ltd,vg,549300VEQHRMSU36EU71,0.9694,high,low_overlap,,
P0123,v2_marginal,v2,icij:82005728,icij,Elementum NatCat Offshore Fund Ltd.,bm,gleif:549300JZSK9X4QQ1FU75,gleif,Elementum NatCat Offshore Fund II Ltd.,bm,549300JZSK9X4QQ1FU75,0.9651,high,jur_loose,,
P0124,v2_marginal,v2,icij:153126,icij,HIGH WORLD MANAGEMENT LIMITED,vg,gleif:2138007GQQZ5CFH61682,gleif,HIGH WORLD MANAGEMENT LIMITED,vg,2138007GQQZ5CFH61682,0.9399,borderline,identical,,
P0125,v2_marginal,v2,icij:82021313,icij,"ALM VII(R), Ltd.",ky,gleif:549300QWNMCKH2N9ZJ05,gleif,"ALM VII(R)-2, LTD.",ky,549300QWNMCKH2N9ZJ05,0.9267,borderline,low_overlap,,
P0126,v2_marginal,v2,icij:146823,icij,Starline Circle Limited,vg,gleif:254900ZAK8N4XPA1O565,gleif,Starline Circle Limited,vg,254900ZAK8N4XPA1O565,0.9553,high,identical,,
P0127,v2_marginal,v2,icij:82007910,icij,Morgan Stanley Reinsurance Alpha Ltd.,bm,gleif:5493007Y4S1SIUGO6J44,gleif,MORGAN STANLEY REINSURANCE LTD.,bm,5493007Y4S1SIUGO6J44,0.9241,borderline,jur_loose,,
P0128,v2_marginal,v2,icij:55010190,icij,MEDSEA INVESTMENTS LIMITED,mt,gleif:48510076LIKKMFFBV997,gleif,Medsea Investments Two Limited,mt,48510076LIKKMFFBV997,0.9267,borderline,jur_loose,,
P0129,v2_marginal,v2,opensanctions:NK-5bHEDP5w389UXQ3zSjKpF5,opensanctions,PICOTIN HOLDINGS LIMITED,cy,gleif:5493006ZW6IZDFO6HK39,gleif,PICOTIN HOLDINGS LIMITED,cy,5493006ZW6IZDFO6HK39,0.9216,borderline,identical,,
P0130,v2_marginal,v2,icij:55054329,icij,MEDITERRANEAN TRADE SERVICE LIMITED,mt,gleif:315700F9HVT8L8SYO019,gleif,Mediterranean Travel Services Limited,mt,315700F9HVT8L8SYO019,0.9476,borderline,low_overlap,,
P0131,v2_marginal,v2,icij:240371233,icij,BRIDGE ELECTRONIC TRADING LTD,vg,gleif:2138007XERF9BCKAW304,gleif,BRIDGE ELECTRONIC TRADING (BVI) LTD,vg,2138007XERF9BCKAW304,0.9457,borderline,jur_loose,,
P0132,v2_marginal,v2,opensanctions:NK-RDMqFGqcEPf2DpSoZjisjj,opensanctions,"SUEX OTC, S.R.O.",cz,gleif:5299007NTWCC3U23WM81,gleif,SUEX OTC s.r.o.,cz,5299007NTWCC3U23WM81,0.9451,borderline,low_overlap,,
P0133,v2_marginal,v2,icij:132663,icij,ASIA FORTUNE GROUP LIMITED,vg,gleif:254900N1MYWT6CBVN780,gleif,Asia Fortune Group Limited,vg,254900N1MYWT6CBVN780,0.9457,borderline,identical,,
P0134,v2_marginal,v2,icij:82020132,icij,Investcorp Aerwulf Credit Opportunities Fund Limited,ky,gleif:DD10ECZJHSSIO39RCV42,gleif,Investcorp Aerwulf Credit Opportunities Master Fund Limited,ky,DD10ECZJHSSIO39RCV42,0.946,borderline,jur_close,,
P0135,v2_marginal,v2,icij:55034468,icij,KB HOLDING LIMITED,mt,gleif:98450009FCA5C7E5A402,gleif,KB HOLDINGS LTD.,mt,98450009FCA5C7E5A402,0.9651,high,low_overlap,,
P0136,v2_marginal,v2,icij:82016644,icij,INTERTRUST TRUSTEES II (CAYMAN) LIMITED,ky,gleif:549300F2B6RFO6X2UU22,gleif,Intertrust Trustees (Cayman) Limited,ky,549300F2B6RFO6X2UU22,0.96,high,jur_loose,,
P0137,v2_marginal,v2,icij:240240153,icij,ADVANTECH HOLDINGS LIMITED,vg,gleif:391200QAX9DFCJLPOX39,gleif,Advantec Holding S.A.,vg,391200QAX9DFCJLPOX39,0.9569,high,low_overlap,,
P0138,v2_marginal,v2,icij:82023210,icij,"Atlas Senior Loan Fund IV, Ltd. Trust",ky,gleif:635400J7ZXEFQNQTCW94,gleif,"Atlas Senior Loan Fund IV, Ltd.",ky,635400J7ZXEFQNQTCW94,0.9457,borderline,jur_close,,
P0139,v2_marginal,v2,icij:82024389,icij,CLO Repackaging 2014-2 Ltd.,ky,gleif:635400SRUZHUJ8ED9V91,gleif,CLO REPACKAGING 2014-1 LTD.,ky,635400SRUZHUJ8ED9V91,0.9667,high,low_overlap,,
P0140,v2_marginal,v2,icij:162761,icij,Red Win Enterprise Ltd,vg,gleif:254900KU2EHTOFNBVT34,gleif,Red Win Enterprise Ltd,vg,254900KU2EHTOFNBVT34,0.9653,high,identical,,
P0141,v2_marginal,v2,icij:82022654,icij,CVP Cascade CLO -1 Ltd,ky,gleif:5493008U2WBUZPSQR496,gleif,CVP Cascade CLO-3 Ltd,ky,5493008U2WBUZPSQR496,0.9569,high,low_overlap,,
P0142,v2_marginal,v2,icij:82008801,icij,Altitude X3 Ltd.,bm,gleif:2138006Z57H3EJHYY303,gleif,ALTITUDE X2 LTD.,bm,2138006Z57H3EJHYY303,0.9333,borderline,low_overlap,,
P0143,v2_marginal,v2,opensanctions:NK-42UUnobTR7xYLAhGVNethY,opensanctions,GPB-DI HOLDINGS LIMITED,cy,gleif:2138004OMEVX71IU7E09,gleif,GPB-DI HOLDINGS LIMITED,cy,2138004OMEVX71IU7E09,0.969,high,identical,,
P0144,v2_marginal,v2,icij:149651,icij,MCC Group Ltd,vg,gleif:2549004W1IA4KL9QST27,gleif,MCC GROUP LTD.,vg,2549004W1IA4KL9QST27,0.9318,borderline,low_overlap,,
P0145,v2_marginal,v2,icij:55054398,icij,GY AVIATION LEASE (MALTA) LIMITED,mt,gleif:254900HMVOHTYKC3LI61,gleif,GY Aviation Lease (Malta) Co. Limited,mt,254900HMVOHTYKC3LI61,0.9551,high,jur_loose,,
P0146,v2_marginal,v2,opensanctions:NK-VKo6zUV8He5rer7zpQ5fJX,opensanctions,"CORPORACION CIMEX, S.A.",pa,gleif:549300QQMQUIPD2ILM47,gleif,"CORPORACION COEX, INC.",pa,549300QQMQUIPD2ILM47,0.9333,borderline,low_overlap,,
P0147,v2_marginal,v2,icij:82013095,icij,PSAM WorldArb SRI Fund Limited,ky,gleif:549300674BQYN03B5O53,gleif,PSAM WorldArb Fund Limited,ky,549300674BQYN03B5O53,0.9267,borderline,jur_loose,,
P0148,v2_marginal,v2,icij:240021750,icij,GOLDEN HERITAGE INVESTMENTS LTD.,vg,gleif:894500Q4RTD2HJPJE985,gleif,Golden Hedge Investments Ltd.,vg,894500Q4RTD2HJPJE985,0.9281,borderline,low_overlap,,
P0149,v2_marginal,v2,icij:82023636,icij,CVP Cascade CLO-2 Ltd,ky,gleif:5493008U2WBUZPSQR496,gleif,CVP Cascade CLO-3 Ltd,ky,5493008U2WBUZPSQR496,0.9569,high,low_overlap,,
P0150,v2_marginal,v2,icij:240027128,icij,INFINITY INTERNATIONAL CORP.,vg,gleif:213800JXESGCF729V706,gleif,Infinity Grow International Limited,vg,213800JXESGCF729V706,0.9252,borderline,low_overlap,,
P0151,v2_marginal,v2,opensanctions:NK-GVPTfVFRLFcqWxADFe2Xym,opensanctions,OCEAN LEONID INVESTMENTS AG,ch,gleif:549300YGPSZLEYSA2U21,gleif,OCEAN LEONID INVESTMENTS AG,ch,549300YGPSZLEYSA2U21,0.9619,high,identical,,
P0152,v2_marginal,v2,icij:141667,icij,Azla Advisors Ltd.,vg,gleif:254900XDDSP4HTF3MT41,gleif,Azla Advisors Ltd.,vg,254900XDDSP4HTF3MT41,0.9328,borderline,identical,,
P0153,v2_marginal,v2,icij:82022131,icij,"Golub Capital Partners CLO 16, Ltd. Trust",ky,gleif:2549008QKJQVMQPOKB55,gleif,"Golub Capital Partners CLO 16(M)-R, Ltd.",ky,2549008QKJQVMQPOKB55,0.9333,borderline,low_overlap,,
P0154,v2_marginal,v2,icij:85047536,icij,NATURA DEVELOPMENT II N.V.,aw,gleif:549300HVOJK4TM1TVF62,gleif,NATURA DEVELOPMENT N.V.,aw,549300HVOJK4TM1TVF62,0.9436,borderline,jur_loose,,
P0155,v2_marginal,v2,icij:240243460,icij,Global Asia Opportunity IV Limited,vg,gleif:254900U0YQZ52M5VE731,gleif,Global Asia Opportunity V Limited,vg,254900U0YQZ52M5VE731,0.9281,borderline,low_overlap,,
P0156,v2_marginal,v2,icij:146829,icij,Bronze Pacific Corporation,vg,gleif:549300JX2X2J1PKU5V53,gleif,Bronze Pacific Corporation,vg,549300JX2X2J1PKU5V53,0.9331,borderline,identical,,
P0157,v2_marginal,v2,icij:240460302,icij,AVANTRADER LTD,gb,gleif:2549006QNL80Z6W4KE37,gleif,AVANTRADE LTD.,gb,2549006QNL80Z6W4KE37,0.9614,high,low_overlap,,
P0158,v2_marginal,v2,opensanctions:NK-NmGBfSeadPTfzcYvbbWoSy,opensanctions,SHARPLINE AUTOMATION PRIVATE LIMITED,in,gleif:335800L52L41TNSDZT55,gleif,SHARPLINE AUTOMATION PRIVATE LIMITED,in,335800L52L41TNSDZT55,0.9394,borderline,identical,,
P0159,v2_marginal,v2,icij:82023302,icij,"TICP CLO II, Ltd.",ky,gleif:549300T5OQR4UD880D68,gleif,"TICP CLO IX, LTD.",ky,549300T5OQR4UD880D68,0.9333,borderline,low_overlap,,
P0160,v2_marginal,v2,icij:82014871,icij,Windsor Properties (6) Limited,vg,gleif:254900WK7BEJ5GT11B38,gleif,Windsor Properties Limited,vg,254900WK7BEJ5GT11B38,0.9614,high,jur_loose,,
P0161,v2_marginal,v2,icij:138286,icij,DISNEY GARDEN LIMITED,vg,gleif:549300YUWWYNR326D253,gleif,Disney Garden Limited,vg,549300YUWWYNR326D253,0.9331,borderline,identical,,
P0162,v2_marginal,v2,opensanctions:NK-b9ShxWfY3hNL8F7NrDU5at,opensanctions,CHEMOVICK PRIVATE LIMITED,in,gleif:8945007UJCY0G41L6C70,gleif,CHEMOVICK PRIVATE LIMITED,in,8945007UJCY0G41L6C70,0.928,borderline,identical,,
P0163,v2_marginal,v2,opensanctions:NK-93xJnwR6G4JBpVQK3UTYva,opensanctions,VH Antibes SAS,fr,gleif:5493002RY8NSFA60MF48,gleif,VH ANTIBES SAS,fr,5493002RY8NSFA60MF48,0.9324,borderline,identical,,
P0164,v2_marginal,v2,icij:55042199,icij,PAMPLONA CREDIT OPPORTUNITIES INVESTMENTS HOLDING LIMITED,mt,gleif:549300NJOZGKDQ4OOM63,gleif,PAMPLONA CREDIT OPPORTUNITIES INVESTMENTS LIMITED,mt,549300NJOZGKDQ4OOM63,0.9348,borderline,jur_loose,,
P0165,v2_marginal,v2,icij:55020085,icij,ASSIKURA INSURANCE BROKERS LTD,mt,gleif:529900G3LL8OYV3Q3Q92,gleif,ASSIKURA INSURANCE BROKERS PCC LTD,mt,529900G3LL8OYV3Q3Q92,0.9476,borderline,jur_loose,,
P0166,v2_marginal,v2,icij:147671,icij,Knightsbridge International Ventures Ltd,vg,gleif:2549007IEVRYX1GYY712,gleif,Knightsbridge International Ventures Ltd,vg,2549007IEVRYX1GYY712,0.95,high,identical,,
P0167,v2_marginal,v2,opensanctions:NK-4e8xfAKHJuTNQSPKpqVkRM,opensanctions,Highland Gold Mining Limited,je,gleif:213800QQFH2CBTW5BX79,gleif,HIGHLAND GOLD MINING LIMITED,je,213800QQFH2CBTW5BX79,0.9207,borderline,identical,,
P0168,v2_marginal,v2,icij:82019847,icij,"Golub Capital Partners CLO 11, Ltd. Trust",ky,gleif:254900LJIH1CG6MWAV92,gleif,"Golub Capital Partners CLO 11, Ltd.",ky,254900LJIH1CG6MWAV92,0.9527,high,jur_close,,
P0169,v2_marginal,v2,icij:240370183,icij,ASEAN CAPITAL HOLDINGS S.A,vg,gleif:54930078RF7I7F6TSI61,gleif,ASEAN CApital Holdings S.A.,vg,54930078RF7I7F6TSI61,0.9389,borderline,low_overlap,,
P0170,v2_marginal,v2,icij:82014868,icij,Windsor Properties (2) Limited,vg,gleif:254900WK7BEJ5GT11B38,gleif,Windsor Properties Limited,vg,254900WK7BEJ5GT11B38,0.9614,high,jur_loose,,
P0171,v2_marginal,v2,icij:142166,icij,Actionwheels Inc.,vg,gleif:254900PNTN4N90XPEW71,gleif,Actionwheels Inc.,vg,254900PNTN4N90XPEW71,0.9318,borderline,identical,,
P0172,v2_marginal,v2,icij:165855,icij,Attica Offshore Limited,vg,gleif:2549004H8ZJZEJX34M93,gleif,Attica Offshore Limited,vg,2549004H8ZJZEJX34M93,0.9318,borderline,identical,,
P0173,v2_marginal,v2,icij:82015121,icij,Windsor Properties (14) Limited,vg,gleif:254900WK7BEJ5GT11B38,gleif,Windsor Properties Limited,vg,254900WK7BEJ5GT11B38,0.9436,borderline,jur_loose,,
P0174,v2_marginal,v2,icij:82017460,icij,GREAT EAGLE INVESTMENTS LIMITED,ky,gleif:391200U1O55YLZ2ITY55,gleif,Great Ease Investments Limited,ky,391200U1O55YLZ2ITY55,0.9511,high,low_overlap,,
P0175,v2_marginal,v2,icij:240028604,icij,SILVERIN INVESTMENT LIMITED,vg,gleif:5299001APV7SS5OQFP81,gleif,Silverine Investments Limited,vg,5299001APV7SS5OQFP81,0.9633,high,low_overlap,,
P0176,v2_marginal,v2,opensanctions:NK-fBkbCnDTeQv8fxKt8RERCq,opensanctions,SHREEJI GEMS LTD,in,gleif:98450099FS7C1B067950,gleif,SHREEJI GEMS LTD,in,98450099FS7C1B067950,0.9548,high,identical,,
P0177,v2_marginal,v2,icij:164572,icij,Bickley Hill Inc.,vg,gleif:213800JVWZAZQZ3P3S21,gleif,BICKLEY HILL INC,vg,213800JVWZAZQZ3P3S21,0.9331,borderline,low_overlap,,
P0178,v2_marginal,v2,icij:82010237,icij,Phoenix Real Estate Fund GP Limited,ky,gleif:549300Z539VDMWU6ZU25,gleif,Phoenix Real Estate Fund (T) L.P.,ky,549300Z539VDMWU6ZU25,0.9308,borderline,low_overlap,,
P0179,v2_marginal,v2,icij:144748,icij,TAIWIN INTERNATIONAL LTD.,vg,gleif:254900ZVJFRGHEU35L47,gleif,Taiwin International Ltd,vg,254900ZVJFRGHEU35L47,0.9344,borderline,low_overlap,,
P0180,v2_marginal,v2,icij:82023579,icij,Orion Co-Investments I Limited,bm,gleif:549300JVBLKMVOF9EJ78,gleif,Orion Co-Investments III LP,bm,549300JVBLKMVOF9EJ78,0.9681,high,low_overlap,,
P0181,v2_marginal,v2,icij:82022260,icij,Aeolus Property Catastrophe Spire Fund LP,bm,gleif:254900VREXDXB56ET875,gleif,Aeolus Property Catastrophe Sphaera Fund Ltd.,bm,254900VREXDXB56ET875,0.9436,borderline,low_overlap,,
P0182,v2_marginal,v2,icij:240245463,icij,PA Grand Opportunity X Limited,vg,gleif:2549007CTK9BZG14LI66,gleif,PA Grand Opportunity Limited,vg,2549007CTK9BZG14LI66,0.9651,high,jur_loose,,
P0183,v2_marginal,v2,icij:163501,icij,Hirondelle Holdings Group Ltd,vg,gleif:254900YRJYTJ2NKTCO56,gleif,Hirondelle Holdings Group Ltd,vg,254900YRJYTJ2NKTCO56,0.9389,borderline,identical,,
P0184,v2_marginal,v2,icij:152277,icij,ELEGANT SOURCE HOLDINGS LIMITED,vg,gleif:25490060HI7BRIKQNF62,gleif,Elegant Source Holdings Limited,vg,25490060HI7BRIKQNF62,0.9299,borderline,identical,,
P0185,v2_marginal,v2,icij:82014662,icij,Brookfield Renewable Energy Partners L.P.,bm,gleif:VA8DFMRI2GY8Y7V79H93,gleif,Brookfield Renewable Partners L.P.,bm,VA8DFMRI2GY8Y7V79H93,0.921,borderline,jur_loose,,
P0186,v2_marginal,v2,icij:82021211,icij,JMP Credit Advisors CLO II Ltd. Trust,ky,gleif:254900CF9PN2ZUP3VA26,gleif,JMP Credit Advisors CLO III (R) Ltd.,ky,254900CF9PN2ZUP3VA26,0.9379,borderline,low_overlap,,
P0187,v2_marginal,v2,icij:147446,icij,PowerFinance International Ltd,vg,gleif:254900CZNCDOGHZWNX93,gleif,PowerFinance International Ltd,vg,254900CZNCDOGHZWNX93,0.9432,borderline,identical,,
P0188,v2_marginal,v2,icij:82022109,icij,"Invesco Active Multi-Sector Credit Fund (Cayman), Ltd.",ky,gleif:549300W2W7WF6RMKSE06,gleif,"INVESCO ACTIVE MULTI-SECTOR CREDIT FUND, LTD.",ky,549300W2W7WF6RMKSE06,0.9396,borderline,low_overlap,,
P0189,v2_marginal,v2,icij:240245454,icij,PA Grand Opportunity II Limited,vg,gleif:2549007CTK9BZG14LI66,gleif,PA Grand Opportunity Limited,vg,2549007CTK9BZG14LI66,0.9488,borderline,jur_loose,,
P0190,v2_marginal,v2,icij:158604,icij,"VIRTUOSITY INVESTMENT CO., LTD",vg,gleif:213800TOO7IJJXTYGR86,gleif,"VIRTUOSITY INVESTMENT CO., LTD",vg,213800TOO7IJJXTYGR86,0.9331,borderline,identical,,
P0191,v2_marginal,v2,icij:55068146,icij,JMP FINANCE B LIMITED,mt,gleif:213800IYDUEYFMXI2B59,gleif,JMP FINANCE A LIMITED,mt,213800IYDUEYFMXI2B59,0.9436,borderline,low_overlap,,
P0192,v2_marginal,v2,icij:82009856,icij,GL Finance III Ltd.,bm,gleif:549300UZE42BRO7LRZ68,gleif,GL Finance I Ltd.,bm,549300UZE42BRO7LRZ68,0.9436,borderline,low_overlap,,
P0193,v2_marginal,v2,icij:55072987,icij,INCLINE B MALTACO ONE LIMITED,mt,gleif:549300GJMTSPI8VKG242,gleif,INCLINE B MALTACO TWO LIMITED,mt,549300GJMTSPI8VKG242,0.9302,borderline,low_overlap,,
P0194,v2_marginal,v2,icij:55074191,icij,AEROSPACE INSPECTION TRAINING MALTA LIMITED,mt,gleif:4851003B7BLBFD5CHQ02,gleif,Aerospace Inspection Training Malta Holding Ltd.,mt,4851003B7BLBFD5CHQ02,0.9248,borderline,low_overlap,,
P0195,v2_marginal,v2,icij:129184,icij,PACIFIC WINNERS SERVICES LIMITED,vg,gleif:254900VC63CIS3YU3G24,gleif,Pacific Winners Services Limited,vg,254900VC63CIS3YU3G24,0.95,high,identical,,
P0196,v2_marginal,v2,icij:82013924,icij,Free Spirit,ky,gleif:54930013MJ7LMN67DX23,gleif,FREE SPIRIT - A,ky,54930013MJ7LMN67DX23,0.9389,borderline,low_overlap,,
P0197,v2_marginal,v2,icij:139429,icij,The Star Trust,vg,gleif:549300MSN8K7XGOIIE18,gleif,The Staro Trust,vg,549300MSN8K7XGOIIE18,0.9569,high,low_overlap,,
P0198,v2_marginal,v2,icij:55087615,icij,AUDENTIA CAPITAL SICAV PLC,mt,gleif:5299007Q69GS0MJLEX66,gleif,AUDENTIA CAPITAL SICAV II PLC,mt,5299007Q69GS0MJLEX66,0.9532,high,jur_loose,,
P0199,v2_marginal,v2,icij:82013751,icij,Manulife (International) P & C Limited,bm,gleif:549300E1S6OED3RZ2B22,gleif,MANULIFE (INTERNATIONAL) LIMITED,bm,549300E1S6OED3RZ2B22,0.9389,borderline,low_overlap,,
P0200,v2_marginal,v2,icij:166600,icij,Amazing Opportunity Ltd,vg,gleif:254900E4O7Q4Z9P1FA22,gleif,Amazing Opportunity Ltd,vg,254900E4O7Q4Z9P1FA22,0.9487,borderline,identical,,
P0201,perfect_sanity,v1,icij:55021446,icij,P. CUTAJAR & CO. LTD.,mt,gleif:4851006E5MO3V5FWGJ75,gleif,P. Cutajar & Co Limited,mt,4851006E5MO3V5FWGJ75,1.0,perfect,low_overlap,,
P0202,perfect_sanity,v1,icij:82010658,icij,Worldwide Independent Trust Limited,im,gleif:549300RGQM6JPF9FZ383,gleif,WORLDWIDE INDEPENDENT TRUST LIMITED,im,549300RGQM6JPF9FZ383,1.0,perfect,identical,,
P0203,perfect_sanity,v1,icij:55075858,icij,GPX CAPITAL LIMITED,mt,gleif:984500F78D068AF02C26,gleif,GPX CAPITAL LIMITED,mt,984500F78D068AF02C26,1.0,perfect,identical,,
P0204,perfect_sanity,v1,icij:55072020,icij,DRIVE AUTOMOTIVE CO. LTD,mt,gleif:254900DDW0AUF8DNG273,gleif,Drive Automotive Co. Ltd,mt,254900DDW0AUF8DNG273,1.0,perfect,identical,,
P0205,perfect_sanity,v1,icij:240028535,icij,Massa Holdings Limited,vg,gleif:2138005EENUNSMZZB785,gleif,MASSA HOLDINGS LIMITED,vg,2138005EENUNSMZZB785,1.0,perfect,identical,,
P0206,perfect_sanity,v1,icij:55076615,icij,FG INTERNATIONAL INVESTMENT HOLDING LIMITED,mt,gleif:2594001GEHQHF6M6N356,gleif,FG International Investment Holding Limited,mt,2594001GEHQHF6M6N356,1.0,perfect,identical,,
P0207,perfect_sanity,v1,icij:240500305,icij,CONTINENTAL ASSETS LIMITED,vg,gleif:549300WBS6DTBNVUM764,gleif,CONTINENTAL ASSETS LIMITED,vg,549300WBS6DTBNVUM764,1.0,perfect,identical,,
P0208,perfect_sanity,v1,icij:55024050,icij,CAMILLERI MANAGEMENT SERVICES LIMITED,mt,gleif:4851001C4C0C8JCV7M76,gleif,Camilleri Management Services Ltd,mt,4851001C4C0C8JCV7M76,1.0,perfect,low_overlap,,
P0209,perfect_sanity,v1,icij:55071081,icij,A.C.S. HOLDING LIMITED,mt,gleif:529900TLFV0L3K20ZF63,gleif,A.C.S. HOLDING LIMITED,mt,529900TLFV0L3K20ZF63,1.0,perfect,identical,,
P0210,perfect_sanity,v1,icij:240244612,icij,MADRONE ASIA LIMITED,vg,gleif:5493003RQUJWVXSOPL37,gleif,Madrone Asia Limited,vg,5493003RQUJWVXSOPL37,1.0,perfect,identical,,
P0211,perfect_sanity,v1,icij:55040581,icij,ITALY BRANDING AND DIFFUSION LTD,mt,gleif:391200S9UHOHDX16XH64,gleif,ITALY BRANDING AND DIFFUSION LTD,mt,391200S9UHOHDX16XH64,1.0,perfect,identical,,
P0212,perfect_sanity,v1,icij:55053559,icij,VALOR INVEST LTD,mt,gleif:213800TC8AC2Z3IC2V30,gleif,VALOR INVEST LTD,mt,213800TC8AC2Z3IC2V30,1.0,perfect,identical,,
P0213,perfect_sanity,v1,icij:240247758,icij,WINDFALL ASIA LIMITED,vg,gleif:213800423UIWQGZ2IO38,gleif,WINDFALL ASIA LIMITED,vg,213800423UIWQGZ2IO38,1.0,perfect,identical,,
P0214,perfect_sanity,v1,icij:55051434,icij,J&T AERO LIMITED,mt,gleif:391200IN2L12X7FG3J82,gleif,J&T AERO LIMITED,mt,391200IN2L12X7FG3J82,1.0,perfect,identical,,
P0215,perfect_sanity,v1,icij:55074777,icij,ALTERNATIVE INVESTMENTS SECURITIES SCC PLC,mt,gleif:48510000MOA1P0RZFV16,gleif,ALTERNATIVE INVESTMENTS SECURITIES SCC PLC,mt,48510000MOA1P0RZFV16,1.0,perfect,identical,,
P0216,perfect_sanity,v1,icij:55045150,icij,PRO CORPORATE SERVICES LTD,mt,gleif:485100M0AKDKBU4TC095,gleif,Pro Corporate Services Ltd,mt,485100M0AKDKBU4TC095,1.0,perfect,identical,,
P0217,perfect_sanity,v1,icij:55030691,icij,MEDITERRANEAN POWER ELECTRIC COMPANY LIMITED,mt,gleif:2138005G63VYVTX22102,gleif,MEDITERRANEAN POWER ELECTRIC COMPANY LIMITED,mt,2138005G63VYVTX22102,1.0,perfect,identical,,
P0218,perfect_sanity,v1,icij:55049057,icij,CBA MANAGEMENT LTD,mt,gleif:549300OGXDTQI60M1U39,gleif,CBA MANAGEMENT LTD,mt,549300OGXDTQI60M1U39,1.0,perfect,identical,,
P0219,perfect_sanity,v1,icij:55069938,icij,FIN PARTICIPATIONS LTD,mt,gleif:254900O6ZNII5CTLQG15,gleif,FIN PARTICIPATIONS LTD,mt,254900O6ZNII5CTLQG15,1.0,perfect,identical,,
P0220,perfect_sanity,v1,icij:55045346,icij,SMT STEEL AND METAL TRADING LTD,mt,gleif:549300XIYF3A7I2EJW77,gleif,SMT STEEL AND METAL TRADING LTD,mt,549300XIYF3A7I2EJW77,1.0,perfect,identical,,
P0221,perfect_sanity,v1,icij:55055506,icij,WHITE BRIDGE HOLDING LIMITED,mt,gleif:8945003FSHTHAAU1KI79,gleif,WHITE BRIDGE HOLDING LIMITED,mt,8945003FSHTHAAU1KI79,1.0,perfect,identical,,
P0222,perfect_sanity,v1,icij:55081256,icij,WIDO MANAGEMENT B.V.,mt,gleif:254900QPS7GXTRCTH813,gleif,WIDO MANAGEMENT B.V.,mt,254900QPS7GXTRCTH813,1.0,perfect,identical,,
P0223,perfect_sanity,v1,icij:55070006,icij,KAIZEN PARTNERS (MALTA) LIMITED,mt,gleif:635400TKUSLB95HTKK51,gleif,Kaizen Partners (Malta) Limited,mt,635400TKUSLB95HTKK51,1.0,perfect,identical,,
P0224,perfect_sanity,v1,icij:82016490,icij,Blue Danube Ltd.,bm,gleif:549300NEUYM2KGZI3L75,gleif,Blue Danube Ltd.,bm,549300NEUYM2KGZI3L75,1.0,perfect,identical,,
P0225,perfect_sanity,v1,icij:55020237,icij,INDIA LNG TRANSPORT COMPANY (NO. 2) LIMITED,mt,gleif:213800PF1YHJ8WCS3P50,gleif,INDIA LNG TRANSPORT COMPANY (NO. 2) LIMITED,mt,213800PF1YHJ8WCS3P50,1.0,perfect,identical,,
P0226,perfect_sanity,v1,icij:55055226,icij,AUDENTIA CAPITAL LIMITED,mt,gleif:5299001HSRJK5J2U6I94,gleif,AUDENTIA CAPITAL LIMITED,mt,5299001HSRJK5J2U6I94,1.0,perfect,identical,,
P0227,perfect_sanity,v1,icij:55087593,icij,HOSPITALLER FUNDS SICAV P.L.C.,mt,gleif:21380036EDJR3IV85W48,gleif,HOSPITALLER FUNDS SICAV PLC,mt,21380036EDJR3IV85W48,1.0,perfect,low_overlap,,
P0228,perfect_sanity,v1,icij:55070603,icij,MORALLTACH GLOBAL P.L.C.,mt,gleif:549300Y4HM2P7HXB3370,gleif,MORALLTACH GLOBAL P.L.C.,mt,549300Y4HM2P7HXB3370,1.0,perfect,identical,,
P0229,perfect_sanity,v1,icij:240021350,icij,KILWAY INVESTMENTS LIMITED,vg,gleif:54930052LIIHO371SV20,gleif,Kilway Investments Limited,vg,54930052LIIHO371SV20,1.0,perfect,identical,,
P0230,perfect_sanity,v1,icij:55027779,icij,SANTUMAS SHAREHOLDINGS p.l.c.,mt,gleif:222100FWCIV2NMFYM339,gleif,SANTUMAS SHAREHOLDINGS P.L.C.,mt,222100FWCIV2NMFYM339,1.0,perfect,identical,,
P0231,perfect_sanity,v1,icij:55007785,icij,FIMBank p.l.c.,mt,gleif:529900Q2C3I7VCILLG45,gleif,FIMBank p.l.c.,mt,529900Q2C3I7VCILLG45,1.0,perfect,identical,,
P0232,perfect_sanity,v1,icij:82006504,icij,SKO INVESTMENTS INTERNATIONAL LIMITED,vg,gleif:254900ZSF47X1Q126M83,gleif,SKO Investments International Limited,vg,254900ZSF47X1Q126M83,1.0,perfect,identical,,
P0233,perfect_sanity,v1,icij:55075740,icij,AQUA YACHTING LTD.,mt,gleif:213800TRDE2PSE8RWO98,gleif,AQUA YACHTING LTD.,mt,213800TRDE2PSE8RWO98,1.0,perfect,identical,,
P0234,perfect_sanity,v1,icij:55071609,icij,YACON INVESTMENTS LIMITED,mt,gleif:254900UJSBUE4VT78C12,gleif,YACON INVESTMENTS LIMITED,mt,254900UJSBUE4VT78C12,1.0,perfect,identical,,
P0235,perfect_sanity,v1,icij:55047933,icij,ANTHEMIS INVESTMENTS LIMITED,mt,gleif:984500B406FAACE6D287,gleif,ANTHEMIS INVESTMENTS LIMITED,mt,984500B406FAACE6D287,1.0,perfect,identical,,
P0236,perfect_sanity,v1,icij:82021914,icij,Iona Limited,je,gleif:529900I0X75HIOR5I868,gleif,IONA LIMITED,je,529900I0X75HIOR5I868,1.0,perfect,identical,,
P0237,perfect_sanity,v1,icij:55057901,icij,ATLANTIC MEDIA LTD,mt,gleif:9845002BED7E6D0FSF25,gleif,ATLANTIC MEDIA LTD,mt,9845002BED7E6D0FSF25,1.0,perfect,identical,,
P0238,perfect_sanity,v1,icij:82003824,icij,Through Transport Mutual Insurance Association Limited,bm,gleif:213800UXZMUN4M6ZV643,gleif,THROUGH TRANSPORT MUTUAL INSURANCE ASSOCIATION LIMITED,bm,213800UXZMUN4M6ZV643,1.0,perfect,identical,,
P0239,perfect_sanity,v1,icij:55087550,icij,SHELTER ISLAND FUND SICAV PLC,mt,gleif:2138008T3JLHHUXTI110,gleif,SHELTER ISLAND FUND SICAV PLC,mt,2138008T3JLHHUXTI110,1.0,perfect,identical,,
P0240,perfect_sanity,v1,icij:82005934,icij,"Welton Global Capital Markets Fund, Ltd.",bm,gleif:549300KH5MW10XDLMF68,gleif,"WELTON GLOBAL CAPITAL MARKETS FUND, LTD.",bm,549300KH5MW10XDLMF68,1.0,perfect,identical,,
P0241,perfect_sanity,v1,icij:55052636,icij,CORE HOLDINGS LIMITED,mt,gleif:2549005SZIYO4DBYAI33,gleif,CORE HOLDINGS LIMITED,mt,2549005SZIYO4DBYAI33,1.0,perfect,identical,,
P0242,perfect_sanity,v1,icij:82023673,icij,SGAS Coral Delta Limited,ky,gleif:549300UBYT2RWO5MO089,gleif,SGAS Coral Delta Limited,ky,549300UBYT2RWO5MO089,1.0,perfect,identical,,
P0243,perfect_sanity,v1,icij:55055900,icij,VARZO INVESTMENTS LTD,mt,gleif:549300BJ66OURJHG4Y95,gleif,VARZO INVESTMENTS LTD,mt,549300BJ66OURJHG4Y95,1.0,perfect,identical,,
P0244,perfect_sanity,v1,icij:82013921,icij,Laurentia Global Fund Limited,vg,gleif:2138007QAKP4CAWFRN29,gleif,LAURENTIA GLOBAL FUND LIMITED,vg,2138007QAKP4CAWFRN29,1.0,perfect,identical,,
P0245,perfect_sanity,v1,icij:240023719,icij,ALVEAR INTERNATIONAL LIMITED,vg,gleif:5299009CLH8Q0CMPMG21,gleif,ALVEAR INTERNATIONAL LIMITED,vg,5299009CLH8Q0CMPMG21,1.0,perfect,identical,,
P0246,perfect_sanity,v1,icij:55074154,icij,SKC SERVICES LIMITED,mt,gleif:5493007VPKROI3QJFE44,gleif,SKC SERVICES LIMITED,mt,5493007VPKROI3QJFE44,1.0,perfect,identical,,
P0247,perfect_sanity,v1,icij:55058229,icij,MCD MALTA SERVICES LIMITED,mt,gleif:529900WUUOWFVFBX0902,gleif,MCD MALTA SERVICES LIMITED,mt,529900WUUOWFVFBX0902,1.0,perfect,identical,,
P0248,perfect_sanity,v1,icij:240029455,icij,SANJAY HOLDINGS LIMITED,vg,gleif:529900RU1TCAW8IHO434,gleif,Sanjay Holdings Limited,vg,529900RU1TCAW8IHO434,1.0,perfect,identical,,
P0249,perfect_sanity,v1,icij:82023201,icij,The Wizard Settlement,ky,gleif:254900M593XQPLNBRI45,gleif,The Wizard Settlement,ky,254900M593XQPLNBRI45,1.0,perfect,identical,,
P0250,perfect_sanity,v1,icij:82022359,icij,KVK CLO 2013-2 Ltd.,ky,gleif:254900TOAJ4P3V1JG664,gleif,KVK CLO 2013-2 Ltd.,ky,254900TOAJ4P3V1JG664,1.0,perfect,identical,,
P0251,v2_borderline_class,v2,icij:55087638,icij,NOVA RENEWABLE ENERGY (NOVARE) FUND SICAV P.L.C.,mt,gleif:213800NV6AXGZ67GYG63,gleif,NOVA RENEWABLE ENERGY (NOVARE) FUND SICAV PLC,mt,213800NV6AXGZ67GYG63,1.0,perfect,jur_loose,,
P0252,v2_borderline_class,v2,icij:240245455,icij,PA Grand Opportunity III Limited,vg,gleif:2549007CTK9BZG14LI66,gleif,PA Grand Opportunity Limited,vg,2549007CTK9BZG14LI66,0.9333,borderline,jur_loose,,
P0253,v2_borderline_class,v2,icij:164483,icij,STAMFORD MANAGEMENT PTE LTD,sg,gleif:254900G6WO39RWYP6431,gleif,Stamford Land Management Pte Ltd,sg,254900G6WO39RWYP6431,0.9281,borderline,jur_loose,,
P0254,v2_borderline_class,v2,icij:82019457,icij,IKOS Currency Limited,ky,gleif:549300AF1XVIXAWJMW60,gleif,IKOS CURRENCY D LIMITED,ky,549300AF1XVIXAWJMW60,0.9476,borderline,jur_loose,,
P0255,v2_borderline_class,v2,icij:82014870,icij,Windsor Properties (5) Limited,vg,gleif:254900WK7BEJ5GT11B38,gleif,Windsor Properties Limited,vg,254900WK7BEJ5GT11B38,0.9614,high,jur_loose,,
P0256,v2_borderline_class,v2,icij:82014425,icij,"Lilly Asia Ventures Fund I, L.P.",ky,gleif:254900QERQRB4OX8IZ85,gleif,"Lilly Asia Ventures Fund II, L.P.",ky,254900QERQRB4OX8IZ85,0.9862,high,jur_loose,,
P0257,v2_borderline_class,v2,icij:82023333,icij,"Birchwood Park CLO, Ltd. Trust",ky,gleif:549300VXLI19CA0MP643,gleif,"Birchwood Park CLO, Ltd.",ky,549300VXLI19CA0MP643,0.9267,borderline,jur_loose,,
P0258,v2_borderline_class,v2,icij:82024272,icij,Cailon Capital Global Opportunities Master Fund Ltd.,ky,gleif:2138009918W33YA85696,gleif,CAILON CAPITAL GLOBAL OPPORTUNITIES MASTER FUND LTD,ky,2138009918W33YA85696,1.0,perfect,jur_loose,,
P0259,v2_borderline_class,v2,icij:82020808,icij,Golub Capital Partners CLO Holdings Ltd.,ky,gleif:254900GEL6N2JKO76490,gleif,"Golub Capital Partners CLO Holdings, Ltd.",ky,254900GEL6N2JKO76490,1.0,perfect,jur_loose,,
P0260,v2_borderline_class,v2,opensanctions:NK-RTZ2c63LqzZM39XdEKqVKa,opensanctions,Zen Shipping & Port India Private Limited,in,gleif:335800XIAMTYLA41S129,gleif,ZEN SHIPPING & PORTS INDIA PRIVATE LIMITED,in,335800XIAMTYLA41S129,0.9423,borderline,jur_loose,,
P0261,v2_borderline_class,v2,icij:82023788,icij,"Golub Capital Partners CLO 22(B), Ltd.",ky,gleif:254900G3CLXNLPLMNH95,gleif,"Golub Capital Partners CLO 22(B)-R, Ltd.",ky,254900G3CLXNLPLMNH95,0.9771,high,jur_loose,,
P0262,v2_borderline_class,v2,icij:82020373,icij,JMP Credit Advisors CLO II Ltd.,ky,gleif:254900BQHFOLVTZEJ428,gleif,JMP Credit Advisors CLO III Ltd.,ky,254900BQHFOLVTZEJ428,0.9862,high,jur_loose,,
P0263,v2_borderline_class,v2,icij:55087615,icij,AUDENTIA CAPITAL SICAV PLC,mt,gleif:5299007Q69GS0MJLEX66,gleif,AUDENTIA CAPITAL SICAV II PLC,mt,5299007Q69GS0MJLEX66,0.9532,high,jur_loose,,
P0264,v2_borderline_class,v2,icij:240245456,icij,PA Grand Opportunity IV Limited,vg,gleif:2549007CTK9BZG14LI66,gleif,PA Grand Opportunity Limited,vg,2549007CTK9BZG14LI66,0.9488,borderline,jur_loose,,
P0265,v2_borderline_class,v2,icij:55042195,icij,PAMPLONA PE INVESTMENTS HOLDING LIMITED,mt,gleif:984500MA64HC8P8F4487,gleif,PAMPLONA PE INVESTMENTS HOLDING II LIMITED,mt,984500MA64HC8P8F4487,0.9662,high,jur_loose,,
P0266,v2_borderline_class,v2,icij:82022360,icij,"Golub Capital Partners CLO 17, Ltd.",ky,gleif:2549006T7YJ49ZJSG217,gleif,"Golub Capital Partners CLO 15, Ltd.",ky,2549006T7YJ49ZJSG217,0.9747,high,jur_loose,,
P0267,v2_borderline_class,v2,icij:82012420,icij,"Morningside China TMT Fund I, L.P.",ky,gleif:984500C8BAC5BA3J0546,gleif,"MORNINGSIDE CHINA TMT FUND IV, L.P.",ky,984500C8BAC5BA3J0546,0.9871,high,jur_loose,,
P0268,v2_borderline_class,v2,icij:82022689,icij,Scopia LB International Master Fund LP,bm,gleif:549300JUNOQUYI5NF759,gleif,SCOPIA LONG INTERNATIONAL MASTER FUND LP,bm,549300JUNOQUYI5NF759,0.9593,high,jur_loose,,
P0269,v2_borderline_class,v2,icij:82019676,icij,"Madison Park Funding VIII, Ltd. Trust",ky,gleif:549300XX424J33HJ1O02,gleif,"Madison Park Funding VIII, Ltd.",ky,549300XX424J33HJ1O02,0.9457,borderline,jur_loose,,
P0270,v2_borderline_class,v2,icij:55074449,icij,VISTAJET MALTA AIRCRAFT ELEVEN LIMITED,mt,gleif:5299009YNT6J4M8FWT95,gleif,VISTAJET MALTA AIRCRAFT ELEVEN MAPCC LIMITED,mt,5299009YNT6J4M8FWT95,0.9333,borderline,jur_loose,,
P0271,v2_borderline_class,v2,icij:85047536,icij,NATURA DEVELOPMENT II N.V.,aw,gleif:549300HVOJK4TM1TVF62,gleif,NATURA DEVELOPMENT N.V.,aw,549300HVOJK4TM1TVF62,0.9436,borderline,jur_loose,,
P0272,v2_borderline_class,v2,icij:82136753,icij,The Patricia Jane Roberts Zagal Settlement,im,gleif:213800SG3OB1Q1CEI892,gleif,THE PATRICIA JANE ROBERTS DE ZAGAL SETTLEMENT,im,213800SG3OB1Q1CEI892,0.9747,high,jur_close,,
P0273,v2_borderline_class,v2,icij:82022702,icij,White Peak Investments 2 Limited,je,gleif:213800M7MVWI9VW2OM60,gleif,WHITE PEAK INVESTMENTS LIMITED,je,213800M7MVWI9VW2OM60,0.9681,high,jur_loose,,
P0274,v2_borderline_class,v2,icij:82021057,icij,"Denali Capital CLO X, Ltd. Trust",ky,gleif:254900TRHWEC4DQ5GK07,gleif,"Denali Capital CLO X, Ltd.",ky,254900TRHWEC4DQ5GK07,0.9333,borderline,jur_loose,,
P0275,v2_borderline_class,v2,icij:82024363,icij,"Golub Capital Partners CLO 23(B), Ltd.",ky,gleif:5493005HV3IKDG2CX213,gleif,"Golub Capital Partners CLO 23(B)-R, Ltd.",ky,5493005HV3IKDG2CX213,0.9771,high,jur_loose,,
P0276,v2_borderline_class,v2,icij:55074188,icij,AEROSPACE INSPECTION TRAINING MALTA HOLDING LIMITED,mt,gleif:4851003B7BLBFD5CHQ02,gleif,Aerospace Inspection Training Malta Holding Ltd.,mt,4851003B7BLBFD5CHQ02,1.0,perfect,jur_loose,,
P0277,v2_borderline_class,v2,icij:82014872,icij,Windsor Properties (7) Limited,vg,gleif:254900WK7BEJ5GT11B38,gleif,Windsor Properties Limited,vg,254900WK7BEJ5GT11B38,0.9614,high,jur_loose,,
P0278,v2_borderline_class,v2,opensanctions:NK-L4rXiwr9gCbbazKWri6F4h,opensanctions,Kİmpaş Kİmyevİ Maddeler Pazarlama Tİcaret ve Sanayİİ Anonİm Şİrketİ,tr,gleif:7890001U1P5DBRSWJK75,gleif,KİMPAŞ KİMYEVİ MADDELER PAZARLAMA TİCARET VE SANAYİ ANONİM ŞİRKETİ,tr,7890001U1P5DBRSWJK75,0.9476,borderline,jur_loose,,
P0279,v2_borderline_class,v2,icij:82019847,icij,"Golub Capital Partners CLO 11, Ltd. Trust",ky,gleif:254900LJIH1CG6MWAV92,gleif,"Golub Capital Partners CLO 11, Ltd.",ky,254900LJIH1CG6MWAV92,0.9527,high,jur_close,,
P0280,v2_borderline_class,v2,icij:82022201,icij,"Octagon Investment Partners XVII, Ltd. Trust",ky,gleif:54930007Y57X4ONHQV20,gleif,"Octagon Investment Partners XVII, LTD.",ky,54930007Y57X4ONHQV20,0.9569,high,jur_loose,,
P0281,v2_borderline_class,v2,icij:82006963,icij,Mapeley Beta Acquisition Co (5) Limited,bm,gleif:213800D8G5I7Q8URXX31,gleif,MAPELEY BETA ACQUISITION CO (1) LIMITED,bm,213800D8G5I7Q8URXX31,0.9747,high,jur_loose,,
P0282,v2_borderline_class,v2,icij:82006713,icij,Mapeley Beta Acquistion Co (1) Limited,bm,gleif:213800D8G5I7Q8URXX31,gleif,MAPELEY BETA ACQUISITION CO (1) LIMITED,bm,213800D8G5I7Q8URXX31,0.9871,high,jur_loose,,
P0283,v2_borderline_class,v2,icij:240371868,icij,SM MANAGED FUTURES LTD,vg,gleif:549300RFI2PTOLYMUW49,gleif,SM Managed Futures,vg,549300RFI2PTOLYMUW49,1.0,perfect,jur_loose,,
P0284,v2_borderline_class,v2,icij:82023260,icij,New Ocean Market Value Cat Fund Ltd.,bm,gleif:213800Z4J2RVW8VUDG49,gleif,NEW OCEAN MARKET VALUE CAT FUND LTD,bm,213800Z4J2RVW8VUDG49,1.0,perfect,jur_loose,,
P0285,v2_borderline_class,v2,icij:55002634,icij,DELTA MARITIME CO LTD,mt,gleif:213800NIKJHYLUOGWJ77,gleif,DELTA MARITIME LTD,mt,213800NIKJHYLUOGWJ77,0.929,borderline,jur_loose,,
P0286,v2_borderline_class,v2,icij:82022271,icij,Invesco Senior Secured Bank Loan Fund Japan (JPY-Hedged) Ltd.,ky,gleif:549300WCEPQDWYG31S73,gleif,Invesco Senior Secured Bank Loan Fund - Japan (JPY-Hedged),ky,549300WCEPQDWYG31S73,1.0,perfect,jur_loose,,
P0287,v2_borderline_class,v2,icij:82005257,icij,"Warburg Pincus (Bermuda) Private Equity VIII, L.P.",bm,gleif:549300AVMSI36M4NWY92,gleif,"WARBURG PINCUS (BERMUDA) PRIVATE EQUITY X, L.P.",bm,549300AVMSI36M4NWY92,0.9366,borderline,jur_loose,,
P0288,v2_borderline_class,v2,icij:82024599,icij,Commonwealth Opportunity Master Fund II Ltd Trust,ky,gleif:54930030KH4D3896AJ66,gleif,CommonWealth Opportunity Master Fund II Ltd,ky,54930030KH4D3896AJ66,0.9642,high,jur_close,,
P0289,v2_borderline_class,v2,icij:82006846,icij,Mapeley BETA Acquisition Co (4) Limited,bm,gleif:213800D8G5I7Q8URXX31,gleif,MAPELEY BETA ACQUISITION CO (1) LIMITED,bm,213800D8G5I7Q8URXX31,0.9747,high,jur_loose,,
P0290,v2_borderline_class,v2,icij:55087676,icij,BURREN GLOBAL ARBITRAGE II MASTER FUND SICAV LIMITED,mt,gleif:213800HA8HN5X4JBNN34,gleif,BURREN GLOBAL ARBITRAGE MASTER FUND SICAV LIMITED,mt,213800HA8HN5X4JBNN34,0.9741,high,jur_close,,
P0291,v2_borderline_class,v2,icij:82015216,icij,Windsor Properties (16) Limited,vg,gleif:254900WK7BEJ5GT11B38,gleif,Windsor Properties Limited,vg,254900WK7BEJ5GT11B38,0.9436,borderline,jur_loose,,
P0292,v2_borderline_class,v2,icij:55080618,icij,HANSON APPLIED SCIENCES LIMITED,mt,gleif:984500BFC2F0ED1EBC86,gleif,HANSON APPLIED SCIENCES II LIMITED,mt,984500BFC2F0ED1EBC86,0.9551,high,jur_loose,,
P0293,v2_borderline_class,v2,icij:240021284,icij,Globeways Holdings II limited,vg,gleif:213800XOMDOIPEDSA896,gleif,GLOBEWAYS HOLDINGS LIMITED,vg,213800XOMDOIPEDSA896,0.9436,borderline,jur_loose,,
P0294,v2_borderline_class,v2,icij:82023471,icij,"Golub Capital Partners CLO 21(M), Ltd.",ky,gleif:549300DIFLPXIUN5O888,gleif,"Golub Capital Partners CLO 21(M)-R, Ltd.",ky,549300DIFLPXIUN5O888,0.9771,high,jur_loose,,
P0295,v2_borderline_class,v2,icij:82024311,icij,"Credit Suisse Long/Short Equity Strategy Fund, Ltd.",ky,gleif:549300MJVS0NI7N1F624,gleif,"Credit Suisse Long/Short Equity Strategy Fund, Ltd",ky,549300MJVS0NI7N1F624,1.0,perfect,jur_loose,,
P0296,v2_borderline_class,v2,icij:240245457,icij,PA Grand Opportunity IX Limited,vg,gleif:2549007CTK9BZG14LI66,gleif,PA Grand Opportunity Limited,vg,2549007CTK9BZG14LI66,0.9488,borderline,jur_loose,,
P0297,v2_borderline_class,v2,icij:82005315,icij,S3 Global Multi-Strategy Fund Ltd.,bm,gleif:5493005A6QXXI4CKGD46,gleif,S3 GLOBAL MULTI-STRATEGY MASTER FUND LTD.,bm,5493005A6QXXI4CKGD46,0.921,borderline,jur_loose,,
P0298,v2_borderline_class,v2,icij:82021127,icij,"Cedar Funding II CLO, Ltd. Trust",ky,gleif:254900Q56WTD2BRLBE32,gleif,"Cedar Funding II CLO, Ltd.",ky,254900Q56WTD2BRLBE32,0.9333,borderline,jur_loose,,
P0299,v2_borderline_class,v2,icij:82014871,icij,Windsor Properties (6) Limited,vg,gleif:254900WK7BEJ5GT11B38,gleif,Windsor Properties Limited,vg,254900WK7BEJ5GT11B38,0.9614,high,jur_loose,,
P0300,v2_borderline_class,v2,icij:82006964,icij,Mapeley Beta Acquisition Co (6) Limited,bm,gleif:213800D8G5I7Q8URXX31,gleif,MAPELEY BETA ACQUISITION CO (1) LIMITED,bm,213800D8G5I7Q8URXX31,0.9747,high,jur_loose,,
